gene_id,probe_seq,probe_id,included
CBW16945.1,GTACAGCCGCCGATATGTTTTTGATCGACAAAAATCTGCGGTACGGTTTC,CBW16945.1|grxA|1921730,TRUE
CBW16945.1,GGTAGTTGAAATCGTCGCGTTCTTTGCTCAGTTTTTCCGCCAACTCTTTT,CBW16945.1|grxA|8285772,TRUE
CBW17123.1,CTGCTCCACATGACAGACATATAGTACACCCGTTGACATCCTCCAGAAAT,CBW17123.1|pipB|35c73c7,TRUE
CBW17123.1,TGAAGTTGCACTTTTCATTGCTTCTTTCGTACCGGTACCGGCCGCATGCA,CBW17123.1|pipB|5b5005b,TRUE
CBW17123.1,ATTACCTCCCGAAACCATCTTTCATTGCTTCTTCTTACTCCACCACAGGT,CBW17123.1|pipB|90007ed,TRUE
CBW17257.1,CCATAAAACTTTCCACCATGCTTCTTTCGTATTCCTTGGGGAGTTGGTAA,CBW17257.1|sifA|522558d,TRUE
CBW17257.1,ATTCGTTCTCTTCGTTTTGATCCATGATGCGAAGAATAATGGTGGCATCA,CBW17257.1|sifA|5431f1e,TRUE
CBW17257.1,CGTTTTGCTGAGTACTTTCGGATATATTCGCATGGTGTAAAATGCGCGTT,CBW17257.1|sifA|e064140,TRUE
CBW17293.1,GCGATGGAATTCTATAACGCCATTTTCAATGCCGATCGTCTCAACATTCG,CBW17293.1|zinT|4e55a62,TRUE
CBW17293.1,CTGACCAGATAAGGATAGACGGATTGCCACATACCATCCCAGTCGGTGAG,CBW17293.1|zinT|9df14e5,TRUE
CBW17293.1,GAACATATTTAGGCGCTTTGCTATTCGCATCTTTACATTCGAACAGGTAG,CBW17293.1|zinT|d123512,TRUE
CBW17365.2,TTTTACCTGATAGTCGCCTTCATCTGTCCCAGGACGGAATTTAATTTCCT,CBW17365.2|infC|08a2db9,TRUE
CBW17365.2,CTTTTTCCAGAGCTTCTCTCAGACTCACAATACCAAGCTGCTCGCCTTCC,CBW17365.2|infC|7fd8628,TRUE
CBW17365.2,ATAGAGGAATTTGCCGTAATCCATTATACGACAAACCGGCGGCTCGGCGT,CBW17365.2|infC|85b2ca5,TRUE
CBW17407.1,TTACGGTATTTAGTAGCCTGGTTGTCCAGACGCTGGTTAGCGCGAGCTGC,CBW17407.1|lpp|a4926b3,TRUE
CBW17407.1,GAAGACAGCTGATCGATTTTAGCGTTGCTGGAGCAACCAGCCAGCAGAGT,CBW17407.1|lpp|b2f9a9b,TRUE
CBW17430.1,CTCCTGAAGACTAATTTTCCCGGATAGCAGACACGCGGCGTTGCCATCGC,CBW17430.1|sseC|2446571,TRUE
CBW17430.1,TCCAGTCAAAAATAGCGCCAAAAATACCCGCTTTACGCGCTTTATCCTCC,CBW17430.1|sseC|55d4cc6,TRUE
CBW17430.1,GGACAGAAAACCTTCCACAACTTTTAAGGCGCCAATCACGGTTTCAAATA,CBW17430.1|sseC|d564c39,TRUE
CBW17436.1,GGTTGAGCAAATCATTACCATTCATTTTGTCATTAATGGCCTGGCCTGCC,CBW17436.1|ssaG|58dfabd,TRUE
CBW17919.1,GACTTCTCCATAAAGGCTTCCATTTCCGGGCCAACCCAGACGACTAAGTC,CBW17919.1|znuA|4393d81,TRUE
CBW17919.1,AGATGCATGTTATATTCGCCGTGATGGTGATGTACGTCACCTTTTTCCTC,CBW17919.1|znuA|8fdf1a5,TRUE
CBW17919.1,CCCTTCATGAGTAACGGTTTTACATCGGCAAGTTGCGCAATGGTAACCTG,CBW17919.1|znuA|c95733a,TRUE
CBW18279.1,GCGTCATCGTCTCGTTATCAAGTTTTAATTGTTCACTTTGCTTCTCGCCC,CBW18279.1|fruB|9065d06,TRUE
CBW18279.1,ACTAATAAGGCTGCTTTTTCACCCTCTACGTCAAACGCCTGGGTCGCACG,CBW18279.1|fruB|b75a424,TRUE
CBW18279.1,TCATCGGACTATCGTTAATCGTTTTTGCGACGAACGCCGCATCAACCGCT,CBW18279.1|fruB|b83c299,TRUE
CBW18861.1,CCGTCAATCAGCACTAAGGTATTTTCCGGCCCCATACCACGAATATCAAT,CBW18861.1|iroN|9c3806b,TRUE
CBW18861.1,TGCCGTTATGAGTTAGACCGTAATTCTGCCGGTACAGGCGATTGGTCTCC,CBW18861.1|iroN|eeb15da,TRUE
CBW18861.1,ACCCCAGGCATCTTACGAATAATATCGGCAAGATCGTTAACGGGAGGATT,CBW18861.1|iroN|f668db1,TRUE
CBW18888.1,ATCTCAAATTCAAATCCACGGCTTTCCATCGCCCGCTTTGTGGCGTGGCA,CBW18888.1|nrdH|ae6a47e,TRUE
CBW18888.1,ACCACCGGTAATTGACGAAATCCTTGCGCCCGGAGCGTATCCGCTGCATC,CBW18888.1|nrdH|d490b81,TRUE
CBW18939.1,CAGAGATAAAGCTCTTTCATGTCGTTATCGCGCGCCAGGTAAGAGAACGC,CBW18939.1|sitA|492316f,TRUE
CBW18939.1,CATTTTGCTTATAGATCTGCGCATTATCCGGATCGTACTTCACCAGGGCG,CBW18939.1|sitA|5c3fb0e,TRUE
CBW18939.1,TTATCGACATAAATCAGCGCGTTTTCTGCCGACATCCAGGCGTGCGGGTT,CBW18939.1|sitA|be9c015,TRUE
CBW18950.1,AATCTGAAATCATCTCTTGCGAAATAGCCAGCTCTTTAGGATCCGTCACC,CBW18950.1|prgJ|0b99ab3,TRUE
CBW18950.1,ATGTCCGTTTCCATAGACCTGATATTGACCGCCTGCCCTATAACGGCATT,CBW18950.1|prgJ|8de3a4e,TRUE
CBW18950.1,ATCCTGTTGGTAATCGTCTGTTTATCCACAGCCGTGGCAATCGCCGAACC,CBW18950.1|prgJ|a07549e,TRUE
CBW18961.1,TGTCGGTATTTTGAATACTGGCTTTTAAAAAGGACGTGATCGTTCCGGGG,CBW18961.1|sipC|160937a,TRUE
CBW18961.1,GACAACTTACCAGACAGTTTGCTATCAGCCTGGTTCAACGTCAGCATTAA,CBW18961.1|sipC|677d874,TRUE
CBW18961.1,TCTTTCATTCTGCAGCCCCTTATATTCCAGTTTGGCGCCCACGCCAGTGA,CBW18961.1|sipC|b6b108c,TRUE
CBW19498.1,CTTTCCACCGCTTTCTCTACCTTCTTCAGCAAGTGCAGGTCAATAAAAGG,CBW19498.1|rpsS|2dab488,TRUE
CBW19821.1,CGAATTTCTTTATAGCCCTGTTCCTGAGCGGGGACCGAACCTAACCCTTG,CBW19821.1|mgtC|2188206,TRUE
CBW19821.1,GCAATAAAATATTGGCGCAAAGAATAATGATCGTCGCCGCCAGCGCATTT,CBW19821.1|mgtC|2e8a0d2,TRUE
CBW19821.1,TGGATATAATCAGCTCTCGCGTTTTACGATAATCAGCATGACCCACGAGC,CBW19821.1|mgtC|842a2ae,TRUE
CBW19844.1,CTCTTTATCCTCTTCGCTGATCTCTTCGCCGAACAGTTCTTCAGCTTTAC,CBW19844.1|uhpT|3e0865a,TRUE
CBW19844.1,AGAAACTGCTTGGTATTTTTACCGTCAGCGTAGTAGGAAACCAGCGTTTT,CBW19844.1|uhpT|8f489bf,TRUE
CBW19844.1,CCGATAAAAACCACCAGATAGGACTGCATGAACGGCTTGAACCACATTTT,CBW19844.1|uhpT|9efdc89,TRUE
CBW20341.1,TCTGGCGTATCTTTGGGGTTAATTTTAGCACCCACTACTGGCGAGAATAT,CBW20341.1|phoN|632c707,TRUE
CBW20341.1,ATATTTTCCACGCTTACATCTGCATCCTCAGCAGCTTGTTTCCATCGCGG,CBW20341.1|phoN|8c0045c,TRUE
CBW20341.1,CATAGCCCTTAAAATAAGCCTCCTTATCATAGCGGTAAGCCGGATCATCA,CBW20341.1|phoN|bd0b0c3,TRUE
CBW20352.1,CAGCAGATTTAGACTCAACTTCTTTACGTTTGACGATCACACGATCATGT,CBW20352.1|groES|31ec143,TRUE
CBW20352.1,CGATGATTTCGCCACGAGTTGATTTACCCGCTGCGGAACCGGTCAGTACG,CBW20352.1|groES|588264b,TRUE
CBW20352.1,TTAAAAATAACGATGTCGCCAACTTTCACGTCCAGCGGCTGTACAGTACC,CBW20352.1|groES|c958fea,TRUE
CBW20572.1,GCAATCCTGATACAATCAACAGCTTCAGCGCATCAGCTGACAGGCCGATA,CBW20572.1|yjjZ|00a1c48,TRUE
CBW20572.1,CAGCAGTACAAAATGCCGTAATTGTTTGTGATACAACATCAGCGCAGACA,CBW20572.1|yjjZ|03b92ff,TRUE
CBW20572.1,TCCAACGATAATCACTCCAGGCAATAATACGCCCCATCCGCTGCCTAACG,CBW20572.1|yjjZ|1d58b4b,TRUE
